customer_tweet_id,customer_text,response_text,gold_intent,label_status
577071,@AmazonHelp I have done that and was told there needs to be an investigation!! I can tell you right now I’ve paid for two Alexa’s that were not delivered to me - investigation complete. Please send out my two Alexa’s,@255817 Can I ask if you were provided with a timescale for the investigation to be completed?^TI,device_setup,SEED_REVIEW_REQUIRED
369260,@AmazonHelp That's exactly what she did. Bought it from Amazon / posted the review. But not thru your email to her. She posted via website.,"@203483 Sorry, we would be unable to change this as it is an automatic feature done through email.^CD",app_service_failure,SEED_REVIEW_REQUIRED
763607,"@AmazonHelp my account info was changed without my consent and in order to contact your support I need to log in which I can't do, any help",@302485 I'm sorry you're having account troubles! Please reach out to us here: https://t.co/jzvkhdlrK5 and we can help! ^TK,account_access,SEED_REVIEW_REQUIRED
99942,@AmazonHelp Your call centre staff were really unhelpful. One even hung up on me. I just have to wait for my item but I’m not happy at all.,@137883 I'm sorry for the upsetting experience. Please make sure to fill out the survey sent after the call. This will go directly to their leadership for review. ^VS,product_purchase,SEED_REVIEW_REQUIRED
46548,@AmazonHelp I got a msg saying that my order has been cancelled for no specific reason and the payment has already been done https://t.co/8pCGmquCer,@126337 you may get in touch with us over the phone or chat from here: https://t.co/rS49hgaADF (3/3)^SU,billing_payment,SEED_REVIEW_REQUIRED
477771,.@115821 Fucking warn someone when you take the payment for prime.,"@228495 Hi Justin, I am sorry that you were unknowingly charged. If you wish to have it canceled and refunded you can contact us here:  https://t.co/hApLpMlfHN",billing_payment,SEED_REVIEW_REQUIRED
432314,"@120533 @120535 @AmazonHelp hi, i'd like to complain about a specific transporter and wish not to be delivered by him ever again. Is it possible ?",@217816 We will give you an answer on your french post !,order_delivery,SEED_REVIEW_REQUIRED
348813,@115830 I can believe the appalling service I have received from you today after my card was used fraudulently on Amazon!,"@199028 Hi, sorry to hear that, can you tell us more w/o sharing sensitive info? Was it escalated to the accounts specialists team? ^JJ",security_privacy,SEED_REVIEW_REQUIRED
350279,@AmazonHelp @AmazonHelp @115850 Really disappointing the way you treat a very loyal and Amazon Prime Customer. Absolutely Pathetic.,"@199332 I get you being upset, Priyank. However, I'll be sure to forward your feedback internally. ^MS",prime_subscription,SEED_REVIEW_REQUIRED
222706,@AmazonHelp This error is coming for all 3 devices and issue is only with Amazon app https://t.co/xdPeTBSZbZ,@169201 I'll be sure to pass your comments as feedback to our concerned team for review. ^GS,app_service_failure,SEED_REVIEW_REQUIRED
555310,@AmazonHelp There were many in which I participated. Where can I find the winners list on the app? No specific tab?,@249651 You can find the winners list of all contests here: https://t.co/nQ1CCPJYu0 ^NR,feature_howto,SEED_REVIEW_REQUIRED
180330,@AmazonHelp My phone has been picked up today now plz tell me when I will be getting the refund as I can't wait now have u buy a new one!! Let me know,@158418 Please get in touch with our support team here: https://t.co/vlvfJr4nN9 they will let you know the further details. ^GU,refund_return,SEED_REVIEW_REQUIRED
286234,@115850 @AmazonHelp that's for ruining my birthday by not delivering the order on time even tho it was place 2 days ago!!!,"@184193 We're sorry to miss a special occasion. Did you happen to report this to us, here: https://t.co/vlvfJr4nN9? ^YP",device_setup,SEED_REVIEW_REQUIRED
465733,@115850 @AmazonHelp you guys are running late. U've to announce the winner for #OnePlus5TAppQuiz by 30th Nov. &amp; it's already 1st. https://t.co/Jzr3Bin4gA,@225813 Sorry for the delay in announcing the results. We're working on it. Stay tuned. ^NS,order_delivery,SEED_REVIEW_REQUIRED
198379,"@162636 @115821 Ordered a book on September 18th. Not on back order, in-stock. won't ship until October 17th. Amazon's reasoning? High demand for that title","@177529 Were there multiple items that could be delaying shipment, Ben? You can see more about this: https://t.co/LXL6jCm4WB ^FR",product_purchase,SEED_REVIEW_REQUIRED
384524,@AmazonHelp Its pending since 9thOct17. Till now no refund. On reminding your team asked me to wait another 6 business days. My hopes and trust is (1/2),@207043 Please share your details from the link here: https://t.co/beaaDm0muc to assist you accordingly. (2/2)^HR,refund_return,SEED_REVIEW_REQUIRED
245840,@AmazonHelp NOW I DON'T HAVE PROBLEM. OFFLINE AND ONLINE MARKET ARE TOOOO BIG. MANY OPTIONS ARE AVAILABLE.,@174394 We will ensure to work on your feedback Nitesh. ^PB,connectivity,SEED_REVIEW_REQUIRED
703842,@AmazonHelp The package is already late. Are packages being delivered today or no?,@288171 I'm sorry your order hasn't arrived! Can you please provide us with the intended delivery date stated in your order confirmation e-mail? ^AC,order_delivery,SEED_REVIEW_REQUIRED
407046,@AmazonHelp Well I tried that. And after here captcha codes and a new verification codes I finally got on only to find I couldn’t submit form because,"@212017 When you click on the link, is there an option to skip sign in? ^PK",account_access,SEED_REVIEW_REQUIRED
224784,"Hey @115850, are the Echo devices you are offering in India second gen or older/first gen?",@169705 Thanks for your interest in our devices. The echo devices which are available on amazon.in are of the second generation. ^SB,device_setup,SEED_REVIEW_REQUIRED
349746,"@116928 Compré por error cubierta bici.Cancelé compra,uds.lo confirman y me cargan el pvp.Ahora a esperar devolución.Por qué?","@199221 Hola Juanvi, lamentamos el malentendido. Te recomendamos que verifiques la siguiente info: https://t.co/lSdjwyAGaO ^AV",app_service_failure,SEED_REVIEW_REQUIRED
230088,@AmazonHelp No iv not been on amazon video...,@170824 Can you get in touch with us here: https://t.co/JzP7hlA23B so we can check into this for you.^CD,content_media,SEED_REVIEW_REQUIRED
519743,"@115821 Prime and Ontrac in Seattle seem to be working 2+ days behind their promised deliveries. Early warning for Christmas deliveries, I suppose.","@239946 Hi Andrew, we aim to process orders quickly and with diligence so that we can get them to the carrier and then into your hands.  I apologize if we have missed the mark as of late. Do you have orders shipping in transit currently? ^CH",prime_subscription,SEED_REVIEW_REQUIRED
343100,@AmazonHelp any idea why the images don’t show up on my Fire Kids 8? Tried looking it up on the internet but can’t see why? Thanks https://t.co/5xGyjOvUbR,@197677 I'm sorry your images are not showing up. Have you tried the troubleshooting steps shown here: https://t.co/YO1DFefzbQ ^JF,connectivity,SEED_REVIEW_REQUIRED
169587,"Ow, eu que sou muito burra ou não dá pra colocar ebook da @117804 no carrinho do site pra comprar vários?

Só tá me dando opção de comprar um por vez 😭","@155491 Olá, Mari! Para fazer compras de conteúdo digital (eBooks), você precisa comprar um por vez. 🙂 ^NB",content_media,SEED_REVIEW_REQUIRED
16112,@AmazonHelp Ahhh okay makes sense :) thank you! I hope my package comes Friday 🙌,@119534 Please keep us posted as we want to make sure your order arrives!  ^AG,order_delivery,SEED_REVIEW_REQUIRED
123431,thankful for amazon taking a month to ship my item and never getting it then saying they can send me a replacement which will also take a month. sick amazon prime two month shipping 🙃,@143574 I'm very sorry for this wait. What was the initial delivery date as shown on the Your Orders page: https://t.co/Y5jpI9gRhE ^DO,refund_return,SEED_REVIEW_REQUIRED
654274,"2 faulty items, 3 phone calls and still waiting for a supervisor to phone from @115830 and call staff who speak very very poor English!!!",@157017 We want you to have a pleasant experience with us! Please keep us updated on your conversation with the supervisor. We;re here for you! ^KJ,product_purchase,SEED_REVIEW_REQUIRED
215212,amazon keeps messing up my her order i got one email saying it was cancelled but when i go on the website it says its gonna be shipped i,@167131 Oh my! What does your order status show here: https://t.co/Y5jpI9gRhE? Let us know! ^KJ,app_service_failure,SEED_REVIEW_REQUIRED
417509,I love when my internet is working flawlessly but my @115821 Prome account won't load...happens twice a week #NetflixIsBetter,@214620 I'm sorry for any frustration! Can you please confirm which platform you're using for video access? What is the error? ^ST,connectivity,SEED_REVIEW_REQUIRED
183671,"@AmazonHelp in that case not sure why does it show delivery available before product checkout, after checkout it says delivery unavailable!","@159190 However, once the pin code is added at checkout the system shows if it's eligible or not 2/2^MS",product_purchase,SEED_REVIEW_REQUIRED
323710,@AmazonHelp They gave us no other option via email. I've been on hold to them for 20mins,@193103 Keep us posted.  ^AF,other_escalate,SEED_REVIEW_REQUIRED
503405,"@AmazonHelp No, just says a carrier delay has occurred. Which means it won't get to me today. I'm having it shipped to my work, which means now I won't get it until Monday, almost a week after ordering.",@235303 Have you tried contacting the carrier to look into the delay? You can do so here: https://t.co/NjBp7K9TTv ^MH,device_setup,SEED_REVIEW_REQUIRED
626880,"@AmazonHelp No use, can't bring back this day until next year. Leave it. At best try to deliver at earliest.",@268454 I understand it is very disappointing. Request you to fill the details so that we can check and help you out from our end. ^NK,device_setup,SEED_REVIEW_REQUIRED
280910,@115850 Hi. Is the app down ? Unable to login since morning.,@182934 We've checked and see that the app is working fine. Kindly re-try by uninstalling and reinstalling the app. (1/2)^AP,account_access,SEED_REVIEW_REQUIRED
142093,"Three emails later and @115850 support is still beating around the bush about why they're now asking for only Aadhaar. Hey @115851, this is not the customer service we've gotten used to the past couple of years. 😑 https://t.co/qmGOpPXQAv","@148056 I get your disappointment. However, Could you please confirm if you've shared the required details through the link provided? For better assistance. 

Please dont share your account details as we consider it to be perosnal information. Our Twiiter page is public. ^KH",order_delivery,SEED_REVIEW_REQUIRED
384535,@115850 Why on earth has my order been declined despite payment being processed by my bank? Ridiculous policy. Need a response NOW.,@207044 I completely understand your disappointment. Kindly contact us here https://t.co/00q4Sqj9zL and we'll look into it. ^RD,billing_payment,SEED_REVIEW_REQUIRED
206711,@AmazonHelp please help change my region back in Amazon flex. No support or moving pre-internet slow,@164958 We can't access the account with Twitter so please reach out to us again in your Flex app. Keep us posted! ^DD,connectivity,SEED_REVIEW_REQUIRED
268135,"@AmazonHelp.KEEPS https://t.co/PBeyWcdrLy something tht says Prime shipping,by the time I'm thru checkout, prime has gone and a week 2 ship!",@179930 Is the item in your cart from a Prime eligible seller? Does the account you're logged into have Prime? ^GM,prime_subscription,SEED_REVIEW_REQUIRED
480454,"@AmazonHelp I have already contacted customer services and they're investigating, but there were two items. All I had was ""left with resident"", no other details as to who, where, or why. No attempt to even call my mobile. All I can say is whoever your courier is in Banbury - stop using them!",@229181 Please keep us posted on this issue. If there is anything else we can do while the investigation is under way let us know.^SM,product_purchase,SEED_REVIEW_REQUIRED
134955,@AmazonHelp Of course it is your intention to delay refunds. Not the first time I am facing hassles to get my money back from @115850 Now @AmazonHelp wants another 12 hours.,"@146417 I apologize for the disappointment, Kanchan. We have not yet received your detail. Request you to share your details through the secured link provided earlier so that we can look into this issue and assist accordingly. ^SM",refund_return,SEED_REVIEW_REQUIRED
328716,@115850 hey guys how can I change the default Kindle device ? I have a couple of devices in my account and it annoying each and every time to change the device. I want to set one I use more frequently as a default one to send the sample or purchased books directly,@194377 I understand your concern. Please report this to our support team here: https://t.co/FCiOB9HNus. They'll assist you further. ^JS,feature_howto,SEED_REVIEW_REQUIRED
395469,@AmazonHelp Ive been offered a refund but I don’t want a refund. i want the product I paid for replaced at the PRICE I paid for.,@209605 I'm sorry for the inconvenience this has caused. Not all items are eligible for replacement: https://t.co/OjjozvFUur ^CE,refund_return,SEED_REVIEW_REQUIRED
64228,"I return my order by DTDC courier that's the courier receipt, Amazon India say you send your product on courier than Amazon pay your courier charges
My total courier charges is 170 RS
But Amazon India refund only 40 RS. I requested you
Pay my 170rs as soon as possible@AmazonHelp https://t.co/FCTdiTIVHm","@130737 That doesn't sound right! Usually, full return shipping charges will be refunded to the Amazon Pay Balance account. Please call us here: https://t.co/vlvfJr4nN9 &amp; we'll look into this. (1/2)^SF",refund_return,SEED_REVIEW_REQUIRED
111865,@AmazonHelp It does not work. There is no wwe network app in the Fire 10 store,"@140841 I'm sorry to hear it's not available on your device, Greg! In this case, it's best to let the developer know by sending feedback to: __email__. Please let us know if there's anything else we can do to help! ^CS",connectivity,SEED_REVIEW_REQUIRED
179519,@AmazonHelp See.. first of all I don't even care for al such privacy..you have given me chance to post my details on a public page..,@158284 I understand waiting could be tiresome. Our team is working on it and we'll reach out to you soon. ^MM,security_privacy,SEED_REVIEW_REQUIRED
138088,@AmazonHelp Sold by Kmtom and fulfilled by Amazon. Baleaf 210D Oxford bike cover. But on website it now says Nov 29-Dec 4. My tweet was from phone msg.,"@147107 Sounds like we're waiting for some to arrive. If it comes into the warehouse sooner than noted on the site, we'll e-mail you with an update. ^KI",app_service_failure,SEED_REVIEW_REQUIRED
249080,.@120533 Donc ça coûte toujours plus cher d'acheter un livre pour Kindle que de se le faire livrer en version papier? 🤦🏻‍♂️ https://t.co/lSIhDKU9j5,@175179 Les éditeurs fixent eux-mêmes le prix de leurs ebooks conformément à la loi applicable . ^BR,device_setup,SEED_REVIEW_REQUIRED
423533,@AmazonHelp @115850 Just tell what u have done regarding my order publicly,@215826 We'll not be able to view your order details via twitter. Kindly fill in your details as asked above and we'll help you. ^MM,other_escalate,SEED_REVIEW_REQUIRED
425135,@AmazonHelp Sent. Kindly resolve this on immediate basis.,@134321 Thanks a bunch for dropping your details. We shall do our part and reach out at the earliest. ^CB,other_escalate,SEED_REVIEW_REQUIRED
725951,@AmazonHelp ご対応ありがとうございます。商品を再度確認の上、問合せをさせていただきます。,@293899 お手数をおかけいたしますが、よろしくお願いいたします。 RI,other_escalate,SEED_REVIEW_REQUIRED
576001,"I have gone twice to their service center...They are telling. That it might have occurred due to over charge, @3977 @115850 @132130 , it is not expected of you, big brands playing with our life. https://t.co/JG2BipLlbu","@255531 that can be produced at any authorized service center across India. In case any service center refuses to honor the warranty, please get back to us with a service denial letter and we'll look into this for you. (2/2) ^VM",billing_payment,SEED_REVIEW_REQUIRED
574521,Hi my account was hacked @115821 @AmazonHelp,"@255132 I'm so sorry for the trouble with your account! Please reach out to us here: https://t.co/R2bY4sknXw, so we can look into this for you. ^JN",security_privacy,SEED_REVIEW_REQUIRED
238565,Remember when @115851 &amp; @115821 used to actually make their delivery promises? Now all you get is hollow apologies for the inconvenience,"@172748 W/out giving any order/account specific details, can you let us know what happened please? ^KM",order_delivery,SEED_REVIEW_REQUIRED
21858,"@AmazonHelp OKAY, now I get ""connection timed out"", does GFW play a part here? (I'm in China). Even though, why ""wrong password""?","@120765 Hi. If you get in touch: https://t.co/hApLpMlfHN, we'll be happy to look into this with you. ^DC",account_access,SEED_REVIEW_REQUIRED
376588,@115821 There's a reason why I ordered one day shipping bc I need it ASAP but no you just had to screwed up @115821,@205333 I'm sorry you didn't receive your stylus! Have you contacted us for available options? ^AM,order_delivery,SEED_REVIEW_REQUIRED
573989,"Dear @115850  if there is any price error ! Is it my responsibility or URS ! To correct it ! I have booked a product in price error i should have get it ! Because i have ordered item through you  ( or any compensation ) 
I m right ? @115850","@254967 The pricing and offers are decision of the sellers. The constantly changing marketplace and our efforts to offer you the lowest price, may result in fluctuations in our prices over time. We do not offer any compensation, I will be sure to pass your feedback. ^BS",product_purchase,SEED_REVIEW_REQUIRED
652,@AmazonHelp Is it possible to prevent AMZL from delivering my packages moving forward? Stuff is either lost/stolen/broken EVERY time.,@115838 Oh no! We want to hear more about your experience with AMZL. Please provide your feedback here: https://t.co/hApLpMlfHN ^SH,security_privacy,SEED_REVIEW_REQUIRED
423815,@117634 @137341 I'm thinking of buying one....,@190607 Thank you for the feedback. I shall forward it to the concerned team for review. How could you assist further? ^HR,product_purchase,SEED_REVIEW_REQUIRED
233493,@AmazonHelp have been an Amazon customer for quite some time now. But this case and this attitude makes me want to never shop from you again @118702,@171584 I'm sorry for the trouble. Your feedback has been forwarded to the concerned team and they will be looking into it. ^AU,other_escalate,SEED_REVIEW_REQUIRED
351795,"@AmazonHelp but the money has already been debited from my account, how do I resolve this please","@199673 Apologies, if the parcel is returned to us you will be fully refunded: https://t.co/TMiSrniOIl. ^JJ",feature_howto,SEED_REVIEW_REQUIRED
684732,"@AmazonHelp Order date 16-Nov-2017 Order #408-5595593-8003535 Order total: 4,300.00 (2 items).
Why after delivering 1 Product your delivery guy asking for Rs 50 Extra","@283430 Sorry to know you're having trouble with the delivery of your order. Kindly report this here: https://t.co/TdDksLo6Mf. We'll look into it. Please don't provide your order details, as we consider it to be personal info. Our page is visible to the public. ^PS",product_purchase,SEED_REVIEW_REQUIRED
379716,"@18289 Seit gestern funktionieren keine Apps (Amazon Video, Mediathek und Netflix) mehr auf dem Samsung TV über RFT Kabel Internet.",@206075 Melde dich bitte telefonisch bei uns im Support: https://t.co/hE1QF1JH7V Thema 'Digitale Dienste' und Anliegen spezifizieren,connectivity,SEED_REVIEW_REQUIRED
304559,"@AmazonHelp Don't want to report this via website to seem like a serial-complainer. Got 1 pkg of four, not three. https://t.co/nnJIfh7vhr",@120034 We won't judge you. I'm sorry about the missing items! Please view options for refund/replacement here: https://t.co/Y5jpI9gRhE ^SH,app_service_failure,SEED_REVIEW_REQUIRED
455466,"@AmazonHelp I appreciate the reply @AmazonHelp - Yes, I have reviewed those but still can't get the Dot to get on the public WiFi - updated Dot firmware, but no luck",@223119 Hmm... Thank you for letting us know! Let's do some real time troubleshooting via phone or chat here: https://t.co/hApLpMlfHN. Keep us in the loop! ^BL,connectivity,SEED_REVIEW_REQUIRED
549351,@AmazonHelp can I ask a question,@212570 Of course! Ask away! Just be sure not to include any account sensitive information. We're here for you! ^KJ,feature_howto,SEED_REVIEW_REQUIRED
748676,@AmazonHelp We have spent £1000s at Amazon but no more because your delivery fails every time now. Prime is useless. Item still shows due today.,@298980 Have there been any recent tracking updates for your order: https://t.co/o7Dj9Ks9QA? Deliveries are made until 9 PM. ^MB,content_media,SEED_REVIEW_REQUIRED
716041,@AmazonHelp The android app on my Galaxy S5 2015 isn't loading anything! Neither does my browser when I try login to https://t.co/7be47frdXs,@291343 Have you tried to uninstall and then reinstall the app? This usually does the trick! Let us know! ^KJ,account_access,SEED_REVIEW_REQUIRED
134908,"@119625 Hey can we have the walking dead and big bang theory on Amazon prime?
Please bring them on ..","@146410 We don't have an announcement yet. We are working on adding new content to the Amazon Prime Video library. Keep an eye out for the Latest Movies &amp; Latest TV sections on the homepage. Further, I'll pass along your feedback to our team internally. ^GK",prime_subscription,SEED_REVIEW_REQUIRED
231779,@115850 I bought product @115821 during the great indian festival 21st to 24th sep Amazon is denying Buy now Pay next year offer on EMI. #BadAmazon😡,@171272 We will look into it. 2/2 ^SB,product_purchase,SEED_REVIEW_REQUIRED
444244,@AmazonHelp why have £1 payments been taken from both my registered debit cards?,"@220243 Hi, have you placed an order with us recently?^KI",billing_payment,SEED_REVIEW_REQUIRED
83419,@AmazonHelp Your team only best at speaking but i want result.... If today i didn't contact you dont know why my money will be back to my acc. Your whole system is fake..... Your whole team trying to make people fool and make them tired and at least by the end people forget about their money,@134326 We don't intend to keep you waiting. Our team shall reach out to you at the earliest to make things right. ^CB,other_escalate,SEED_REVIEW_REQUIRED
426993,"@AmazonHelp Bonjour. Pourriez-vous me rembourser les 50 € que vous m'avez prélevé sans me demander, alors que j'ai demandé d'arrêter Prime ?","@216560 Bonjour, Je viens de répondre à votre 1 re poste.
^YL",prime_subscription,SEED_REVIEW_REQUIRED
717167,@AmazonHelp can u tell me how and or why I can’t buy kindle books from my iPhone please? I used to be able to &amp; still have the kindle app,"@291697 (2/2) However, you can purchase through your mobile web browser. ^AC",device_setup,SEED_REVIEW_REQUIRED
562994,@AmazonHelp @25713 In addition to packages getting lost delivery drivers are entering a space that that they shouldnt be able to enter without a keycard. We have these security measures in place for safety reasons. We all LOVE shopping w/ @115821 how can we remedy this situation? 2/2,@251789 We'd like to look into this further. Please reach out to us by phone or chat here: https://t.co/hApLpMlfHN ^RR,security_privacy,SEED_REVIEW_REQUIRED
279148,"@AmazonHelp The product is not eligible for feedback! And I don't have a problem with the product. Kyon time waste karate ho, yaar.","@182573 Sorry for the confusion, do let us know if there is any issue. ^RB",product_purchase,SEED_REVIEW_REQUIRED
312811,"Shop, block ur money and get delayed delivery of goods #AmazonGreatIndianFestival worst delivery service by @115850 waste of time https://t.co/M19DhQ4LmX",@183457 Please reply to the email correspondence you've received from our team and we'll reach out to you. (2/2) ^KA,order_delivery,SEED_REVIEW_REQUIRED
627124,"@AmazonHelp  guys pathetic services ,  disaster service  i need this product any how today only. https://t.co/2nadG1dXyP",@268513 &amp; I'll reach out to you with an update at the earliest. 2/2 ^EM,product_purchase,SEED_REVIEW_REQUIRED
80510,@4822 need assistance in uploading products.,"@133877 I understand that you are concerned about adding the products on the website, Nitu. You can contact our seller support team here: https://t.co/hITbmQzz2y so that they can assist you accordingly. ^PR",app_service_failure,SEED_REVIEW_REQUIRED
497350,"@AmazonHelp u sucks man ... prime member like faces this sort of service, not done at all .... not buying anything from @AmazonHelp again....",@233686 That's quite a remark. Apologies! Please elaborate your concern for us to assist you better. ^SV,prime_subscription,SEED_REVIEW_REQUIRED
637293,"@AmazonHelp Yes i have!! Ive already said this to an amazon colleague on facebook but no one is replying now, this is ridiculous!!","@271109 I'm so sorry Sophie! Since we don'tt have access to your account via Twitter or Facebook, please reach out to us here; https://t.co/hApLpMlfHN so we can better assist you with your delivery issue.
^AV",content_media,SEED_REVIEW_REQUIRED
707405,"Hey @115830 , my fire tv stick has stopped working today. Not connecting to internet anymore. Planned maintenance or likely gone kaput?",@289117 Hmm.. that's odd. Try some of these troubleshooting steps that resolve a some Fire TV issues: https://t.co/zRNMGYtw0d ^MJ,device_setup,SEED_REVIEW_REQUIRED
435158,@AmazonHelp I am trying to figure out what I do about a package that shows as delivered. We've checked around house and neighbors. Nothing.,@165053 I'm sorry your order is missing! Can you tell us who the carrier is: https://t.co/Y5jpI9gRhE? ^VS,order_delivery,SEED_REVIEW_REQUIRED
356417,"@AmazonHelp Closed and reopened the app, then restarted my phone. Tried wifi and cell, still getting the error. What's going on? https://t.co/bBgqnaGJT5",@200625 Please delete the app and reinstall it. Keep us posted on the outcome. ^CO,connectivity,SEED_REVIEW_REQUIRED
233444,"Dear @115850, need to confirm if payment for an order has been done through #AmazonPay or not. Could you help? #amazonprime",@171575 Please contact us here: https://t.co/vlvfJr4nN9 Aditya. We'll check this for you. ^HN,billing_payment,SEED_REVIEW_REQUIRED
58203,@115851 @115850 products r not delivering with commitment time as mentioned in amazon site.No proper response from CS. if u r not delivering with in time don't mention time frame in website.,@129216 That's quite a remark. Could you please let us know if any of your orders are yet to be delivered? We'd like to help you. ^MN,device_setup,SEED_REVIEW_REQUIRED
695195,.@115850 really needs a lesson or 2 on how to minimise packaging costs #HowToReuse? #TotalFail https://t.co/ruupIrvIq3,"@285800 I understand you concern. I'll ensure to share your comments internally. However, you may also provide the feedback here:https://t.co/cQ07FqoEBB. ^MN",feature_howto,SEED_REVIEW_REQUIRED
138927,@AmazonHelp Can I arrange a phone call with someone who has English as their first language?,"@147312 That is correct, Chris! Our specialist sent an e-mail with the subject line ""Your https://t.co/ykTUEmdsQA Enquiry"" on Thursday, 23 November 2017 at 15:45 GMT. I hope this information is helpful! ^SD",feature_howto,SEED_REVIEW_REQUIRED
437950,"No confiaba mucho en las compras por internet.. hasta que conocí @116875, siempre a tiempo, bien cuidado todo, súper confiables.. gracias Amazon 🙃🙃 https://t.co/erncktltaL","@219038 Gracias por compartir tu comentario, me alegra saber que has tenido una buena experiencia utilizando nuestro sitio web. ^VM https://t.co/lEQ6XyRquE",connectivity,SEED_REVIEW_REQUIRED
503406,"Ordered an echo from @115821 and it did not ship out until the second day (when it was supposed to arrive according to guaranteed delivery date). Now, on the 4th day of waiting UPS has delayed it.",@235303 Sorry for the wait! Have we provided an updated delivery date in your account here: https://t.co/Y5jpI9gRhE ? ^BG,order_delivery,SEED_REVIEW_REQUIRED
381728,@115850 @164163 @115850 there was an option to call. But it dint work after I typed my query. Hv attached d screenshot.Can I get a clear revert on it now?,"@206516 Sorry about the trouble, kindly clear your cache and cookies and then retry. Do keep us posted if the issue persists. ^EM",feature_howto,SEED_REVIEW_REQUIRED
440167,"@AmazonHelp Koennt Ihr mir sagen, ob Echo Show auch Amazon Video abspielen kann. Interessiert mich gerade mehr. Werde aus der Beschreibung nicht schlau.","@219463 Ja :) Siehe Produktseite: ...""genießen Sie Amazon Video und vieles mehr."" https://t.co/kLa0fn3X1A ^MF",content_media,SEED_REVIEW_REQUIRED
735659,"@AmazonHelp Vale, pero solo de este. No hay suficiente espacio en Internet para almacenar fotos de todos los pedidos de Amazon que llevo recibidos 😉","@295985 Cuéntanos, ¿cuántos pedidos has hecho este año? ^VM",connectivity,SEED_REVIEW_REQUIRED
665255,@AmazonHelp U shud check on ur system firstly my log in id no. is 9810573735,@219040 Please don't provide your order details as we consider it personal information. Our twitter page is visible to public.(2/2) ^CB,account_access,SEED_REVIEW_REQUIRED
510408,.@AmazonHelp i tried to buy three 4K movies for 50 dollars and the cart never updates to show the reduced price. Help!,@237261 I'm sorry for the trouble experienced! Can you link us to the movies you're trying to purchase so we can take a look? ^JM,content_media,SEED_REVIEW_REQUIRED
283168,@AmazonHelp Toujours rien pour l'instant...,@183448 Mon collègue prend votre dossier en charge il vous tiendra informé des nouvelles dans les brefs délais . Merci de patienter ^BR,other_escalate,SEED_REVIEW_REQUIRED
153707,@AmazonHelp I ordered a PS plus 1 year subscription but it says additional verification required help please,"@151187 Hello Tee, have you received any emails from us regarding the order? ^TE",account_access,SEED_REVIEW_REQUIRED
232869,@AmazonHelp It's just an email asking for feedback on support quality.,"@171433 Please revert to the correspondence received from us for any assistance, we'll get back to you with an update shortly ^BS",other_escalate,SEED_REVIEW_REQUIRED
331620,.@AmazonHelp Every one of our Fire Sticks has gone haywire at same time. Can't connect to network; network is 100% online. [1/],@194968 I'm sorry for the trouble you're experiencing. Please try these troubleshooting steps: https://t.co/ctjQKAwOIP ^AC,connectivity,SEED_REVIEW_REQUIRED
124007,"@AmazonHelp Are you guys not reading what Im writing? I cannot accest the account. It was locked, so why on earth are you debitting me a 100 bucks for a prime membership for an account you won’t let me access! https://t.co/hkd3YVWKWE","@143734 When you get to the page that ^LA posted, click on skip sign in. This will allow you to give us the details we need to look into this for you. ^DG",prime_subscription,SEED_REVIEW_REQUIRED
331293,@115821 @116935 @AmazonHelp am I being gypped???? I barely had amazon music for even a week and now it had ended?? What gives? https://t.co/OBkLs6E2hh,@194882 Hmm..that's odd. We'd like to take a closer look at this with you. Please reach us via phone here: https://t.co/hApLpMlfHN ^KP,content_media,SEED_REVIEW_REQUIRED
656064,"Bought a TV from @115821 and it artived damaged. Can’t get a replacement because it’s not in stock. Huge PITA getting refunded for the correct amount.

Customer service rep keeps confusing all the numbers. Miserable experience and a huge waste of my time. @AmazonHelp https://t.co/7tpk3DudVL","@276073 I'm so sorry to see how the TV arrived. Just to confirm, were we able to help with initiating the return? Also, did we finally get the refund figured out for you? ^LI",refund_return,SEED_REVIEW_REQUIRED
528221,@242291 @AmazonHelp @115830 I have requested on 21 and so far no discount has been made and I have not been charged. I do not want to cancel the order. I want to ship to Saudi Arabia,"@242290 Hi, without providing any personal information. Can you tell us what happened? ^KI",billing_payment,SEED_REVIEW_REQUIRED
497373,"@AmazonHelp My Amazon account was hacked this morning. The hackers changed the password and then the email address associated with the account, so I can't log in or access the email support form. I can't call your support line until later. What can be done about this now?",@233689 I'm sorry about the account issues. We don't have access to account information via Twitter. You'll want to reach out by phone or e-mail when you have time at this link here: https://t.co/Mb9cdi77Dy ^VS,security_privacy,SEED_REVIEW_REQUIRED
619197,"@115830 just treated myself to a kindle fire 7"" hoping that when it's setup all my books etc will appear ☺ can you recommend a case for it","@266930 Woop Woop! if there is ever a time to treat yourself, the bargains in Black friday are that time. I personally love this one and think it looks quite snazzy https://t.co/WQEESwY9SN What do you think?^SM",device_setup,SEED_REVIEW_REQUIRED
522630,"Hey @AmazonHelp, I can't mark that I'm purchasing an item on a friend's wish list elsewhere because after the login page, I get a ""too many redirects"" error. Happens on multiple browsers, devices, wish lists.",@240718 We'd like to have a closer look into this. Please report this to our support center here: https://t.co/vlvfJrlYEH. We'll assist you further. ^JS,account_access,SEED_REVIEW_REQUIRED
737963,"@115850 you can investigate or do whatever you want. But please arrange ""Pure &amp; sure organic soya flour, 1 kg"" immediately for me.",@274981 Our team is looking into your concern and will reach out to you soon. We'd appreciate your understanding. ^MA,feature_howto,SEED_REVIEW_REQUIRED
418786,As a prime member my guaranteed deliveries are often delayed. Any one experiencing same issue ? #AmazonIndia @115850 https://t.co/DbkR3xMCC3,@214883 Apologies for the ordeal. Kindly share your details here: https://t.co/GIJyeYqKE0 and I'll contact you. ^GS,prime_subscription,SEED_REVIEW_REQUIRED
603188,Comprar @3977 a través de @116928 lo venden y me dicen q no hay stock y no me dan un plazo de entrega 🧐 que no depende de ellos...No es muy normal 😤!!!,"@263282 Hola Alex, puedes indicarnos ¿cuando realizaste el pedido te indicamos una fecha de entrega en el correo electrónico de confirmación? ¿El artículo indicaba estaba disponible en el momento de la compra? Puedes encontrar más información aquí:  https://t.co/ocVRT0G3Fm. ^MZ",product_purchase,SEED_REVIEW_REQUIRED
218170,@AmazonHelp I cannot login to my amazon account even if my password is correct.What is going on?,"@168015 Yikes! I'm sorry about troubles logging in, Hamdi! We want to look into this, so can you confirm which site you order from? ^FR",account_access,SEED_REVIEW_REQUIRED
115960,"Hey @AmazonHelp @116316  

Normaler, deutscher Account hier in Deutschland ohne VPN - was ist da falsch?! 
Neuinstallation inkl. Neuem Login hilft nicht. https://t.co/hbF8uGDZ4w","@141822 Hi, hast du eine deutsche Rechnungsadresse und eine deutsche Zahlungsart in deinem Kundenkonto hinterlegt? Gruß ^MI",account_access,SEED_REVIEW_REQUIRED
631615,"@AmazonHelp I managed to reapply for Prime, and then get it switched to  Student Prime. In the meantime, even though there were the correct funds in the preferred payment method, you proceeded to take it out of the wrong card - £79 on 18/11, £79 on 22/11, &amp; £39 on 23/11 - causing that to /1","@199862 Hello, I'm sorry to hear of this. We can not discuss payment details over a public platform like Twitter so would need you to contact us directly for further assistance  https://t.co/hApLpMlfHN ^KK",prime_subscription,SEED_REVIEW_REQUIRED
423982,@AmazonHelp Where is that on the website?,@215932 you can click on the link I sent you :) ^AS,app_service_failure,SEED_REVIEW_REQUIRED
558439,@AmazonHelp how do I lock the screen on a Fire 8 while my kids are watching a movie to stop them pausing it etc??,"@197677 Though this is not currently a feature, we'd love to hear your suggestions for improvement! Please send us an e-mail at: __email__ ^ST",content_media,SEED_REVIEW_REQUIRED
684714,"@AmazonHelp I already shared, Please give a call at 9748605900","@283430 Also, please don't provide your account details, we consider it to be personal info. Our page is visible to the public. 2/2^SF",other_escalate,SEED_REVIEW_REQUIRED
130862,@AmazonHelp Full of fraudulent practice https://t.co/KtFfjQmiSx,@145540 Could you confirm sharing your details in the link provided earlier? ^GK,security_privacy,SEED_REVIEW_REQUIRED
132578,@AmazonHelp Okay. Thanks. Have removed my tweet. Have logged in and already sent the mail to your customer service team. Please do the needful asap.,@145911 Our support team has already responded to your query here: https://t.co/DTSNmGldJf kindly check it and reply to that email correspondence if you have any concerns. ^SC,account_access,SEED_REVIEW_REQUIRED
249947,@AmazonHelp Hola! Ya vi que no hay error. Leí las condiciones y el cupón es aplicable para descuentos con productos vendidos por AmazonMx. Mil gracias!,"@175395 Con mucho gusto, Fa. Cualquier consulta adicional, no dudes en contactarnos. ¡Saludos! ^LG",app_service_failure,SEED_REVIEW_REQUIRED
524899,"@AmazonHelp My carrier is Canada Post - I have checked on the package and it has been ""Out for Delivery"" for two days now. What I would like is the order to be completely re-shipped with same-day delivery so I could receive it later today (Saturday).",@241393 Please get in touch with us here: https://t.co/Q7Ftz6ETZy and we'd be more than happy to review available options with you. ^EZ,order_delivery,SEED_REVIEW_REQUIRED
726341,@AmazonHelp Hello! Please help me in refund process regarding order id ORDER # 406-3211100-8146769 ..,"@146868 Please don't provide your order details, we consider it personal information. Our Twitter page is visible to the public. ^AK 2/2",refund_return,SEED_REVIEW_REQUIRED
246340,@AmazonHelp my girlfriend was expecting a parcel. What is she supposed to do with this? https://t.co/xpu7tOcbz1,"@174519 I'm sorry for the delivery issue, Martin. Please contact us here: https://t.co/JzP7hlA23B, so we can take a look into this. ^CE",order_delivery,SEED_REVIEW_REQUIRED
497349,@AmazonHelp Ordered an one plus 5t n made payment still they canceled my order.. not done at all ...,@233686 I'm sorry about the situation with your order. Order cancellations are followed by an email with the reason of cancellation. Kindly check the same here: https://t.co/ubzNHWZvL2 ^RB,billing_payment,SEED_REVIEW_REQUIRED
232447,@AmazonHelp Yes!!! I don't understand what happened!! How can I get my money back/cancel the order?? I can order it again &amp; have it here next week...,"@171331 if your order hasn't shipped and isn't too far along in the shipping process, you can cancel here: https://t.co/Y5jpI9gRhE ^JE",feature_howto,SEED_REVIEW_REQUIRED
224635,"@AmazonHelp Thanks.. But Echo says, it will work with Prime Music.. How can I play it?",@169671 Sorry for the hassle. May I know which device you are having? ^SB,feature_howto,SEED_REVIEW_REQUIRED
382336,@AmazonHelp IT'S BEEN ALMOST A MONTH AND I STILL STRUGGLING WITH A REFUND U OFFERED ME BC MY ACCOUNT WAS HACKED. NO ONE IS CONTACTING ME.,@206646 When did you last receive an email from the Account Specialist team?^CD,security_privacy,SEED_REVIEW_REQUIRED
529202,"I subscribed to Amazon prime in july17 but after I signed out of the app and signed in again after sometime, it is asking me again to pay for it. I need help @116618 @8623 @AmazonHelp",@242533 Are you using the same login credentials of the Amazon Prime account ? ^GK,prime_subscription,SEED_REVIEW_REQUIRED
493409,@AmazonHelp I’ve done the real time stuff for the last 4 days!,@232629 I completely understand! We do not have access to your account details here at twitter due to security reasons. If you would prefer you can contact the carrier directly https://t.co/FxIvB3qIKw ^DJ,other_escalate,SEED_REVIEW_REQUIRED
318442,"@AmazonHelp @115850 
Now giving illogical excuses to deny return my money(topup of Amazon pay balance).
#WorstExcusesForCheating","@191975 Apologies for the inconvenience. However, the resolution provided to you via email is the best we can do at the moment. ^AP",refund_return,SEED_REVIEW_REQUIRED
181204,"@AmazonHelp I’ve tried that already. That’s what my original tweet was complaining about? I asked her to speak to someone else and she said I’d get told the same by anyone else there. But she never actually told me anything that made any sense (she was lovely and polite though, just no help)","@158549 Thanks for reaching out to us! We don't have access to your account via Twitter.  
Whenever you have the time, try contacting us via phone or chat here: https://t.co/6f9T7pbTKL  We'd be better able to assist in real-time ^MO",security_privacy,SEED_REVIEW_REQUIRED
641804,@115830 You've taken payment thrice from me and I've still not got any goods to show. Shoddy service!,"@140399 Sorry to hear you've had this experience! Have we missed the expected delivery date on these orders? Could you please clarify a bit more about what's happened? Exclude personal or account information, please. ^JE",billing_payment,SEED_REVIEW_REQUIRED
25931,@AmazonHelp Screenshot wurde vor 10 Minuten gemacht :) Danke für die schnelle Rückmeldung.,@121658 Gerne.,other_escalate,SEED_REVIEW_REQUIRED
758368,@137341 Send to Kindle seems to be down. Are you guys working on it?,"@301215 That shouldn't be the case, Abhijeet. Kindly report this to our Kindle support team, here: https://t.co/tc3VJIYzxn ^MA",device_setup,SEED_REVIEW_REQUIRED
149240,@AmazonHelp I asked last week but never got a reply.. how do i know what my amazon balance is... not giftcard balance,"@149996 Are you referring to a promotional credit offered by an agent? If so, you're unable to view the balance in your account. When you place an eligible order the balance will automatically apply: https://t.co/5KiRsj028j ^RA",feature_howto,SEED_REVIEW_REQUIRED
656847,"@AmazonHelp if payment done by credit card, and order cancelled. how and when refund ????","@276302 Refunds are cleared in 3-5 business days, depending on the bank's processing time. ^CB",billing_payment,SEED_REVIEW_REQUIRED
597943,"@AmazonHelp yup. That's what we tried. On the receiving end they see this, when they are logged in https://t.co/JpL9J9QWuN","@261760 We'd like to look into this in real-time with you! When you can, please reach us here: https://t.co/hApLpMlfHN so that we can take a closer look. ^AB",account_access,SEED_REVIEW_REQUIRED
137125,@AmazonHelp The ‘buy tickets’ button doesn’t work on mobile or desktop and I think the date is incorrect too https://t.co/fYbEUuL5fS,@146922 Please reach out to us directly here: https://t.co/JzP7hlA23B and we can look into this further.^PK,app_service_failure,SEED_REVIEW_REQUIRED
311608,@AmazonHelp I never received an email telling me why it was delayed. I had to go on to the website to see that it wasn't arriving today.,@190408 We'd like to look into our available options. Please reach us here: https://t.co/hApLpMlfHN ^AG,app_service_failure,SEED_REVIEW_REQUIRED
102964,"@AmazonHelp Tout à fait, depuis samedi dernier.","@138645 Alors soyez assuré que votre requête est en cours de traitement, et que vous serez recontacté dès que possible afin de vous informer de la résolution du problème.
^SA",other_escalate,SEED_REVIEW_REQUIRED
328464,Well done @115830 @AmazonHelp for delivering Xmas presents inc kindle fire 8 and leaving them in our food waste bin on the drive 👏🏼👏🏼👏🏼,"@194316 Oh no! I'm sorry we left your packages in your bin, Kelvin! Were you able to retrieve them? Were they damaged? ^LB",device_setup,SEED_REVIEW_REQUIRED
605109,@AmazonHelp Tried 3 times but getting an error while submitting the form. You can reach out to me at +91 888 628 0003 b/w 8:00 AM &amp; 8:00 PM IST.,"@263833 Twitter being a social media platform, we wouldn't be able to contact you directly from here, Govind. However, could you let us know about the error message that you are seeing while filling the form so that we can assist you accordingly? ^NK",app_service_failure,SEED_REVIEW_REQUIRED
145856,@AmazonHelp https://t.co/xdVvpJN9G4 cuando yo lo compré estaba a 26€,@149079 ¿Nos podrías decir si el producto que compraste es vendido por Amazon o por uno de nuestros vendedores externos? ^KA,other_escalate,SEED_REVIEW_REQUIRED
214324,@AmazonHelp girl i used my aunts amazon prime to order stuff and instead of the monthly membership charging her card it charged mine:-( this has happened twice,"@166905 I'm sorry to hear about this Anye, have you tried canceling the Prime to get the charge refunded back to your card? Your Aunt can adjust the Prime membership on her account from the following link: http:https://t.co/WejH9RBhxW. ^PJ",billing_payment,SEED_REVIEW_REQUIRED
319712,@AmazonHelp @115850 15 days past but nither received product nor refunded money to my account from Amazon.,@192220 Sorry for the stretch. Please revert our email for further updates. ^HA,refund_return,SEED_REVIEW_REQUIRED
281364,Ordered Echo Dot. Asked another invite for Echo :P. Can't wait till Nov. Bring it fast please @115850 :),"@183037 for all Amazon customers, but I hope you get the chance to try out our device! (3/3) ^VM",device_setup,SEED_REVIEW_REQUIRED
350620,"@AmazonHelp Echo/Music Unlimited and Prime Video APP (PS4) is not working since yesterday, any ideas when the issues will be fixed? Thanks","@199421 Hi, sorry to hear that. Are you getting any error messages? What Amazon website do you use? https://t.co/1fz78PNFM0? ^JJ",content_media,SEED_REVIEW_REQUIRED
91291,"@AmazonHelp Primer capítulo de la segunda temporada de Mozart in the jungle, el consumismo lo dejo para otro día 😜",@135798 Una serie increíble. ¿Qué es lo que más te ha gustado de Mozart in the Jungle? 😉 ^LG,prime_subscription,SEED_REVIEW_REQUIRED
144031,@AmazonHelp Another notification today to say you can't find my address and still nothing back from Customer Services 😡😡 https://t.co/DwO9WGdEpA,"@137810 Hi, have you checked your emails for a response from our customer service team ? ^CR",other_escalate,SEED_REVIEW_REQUIRED
175441,@116618 Episode 20 of Altair: A Record of Battles on Amazon Strike is missing its subtitles. Please fix this issue.,@157205 Thank you for letting us know about this! I have reported this to the correct team to have this resolved! ^GM,content_media,SEED_REVIEW_REQUIRED
18722,@AmazonHelp Till now I have noticed it in a couple of episodes of mike and molly and also in 'the middle',@120176 Thanks for bringing this to our notice; we'll check and forward this internally for review. ^VN,content_media,SEED_REVIEW_REQUIRED
377044,@AmazonHelp Multiple Prime shipments have missed their “guaranteed” delivery date this week. What gives?,@205460 I'm sorry for the trouble! Can you confirm if there seems to be a common carrier: https://t.co/Y5jpI9gRhE? ^ST,order_delivery,SEED_REVIEW_REQUIRED
487667,"@116875 tengo una pregunta, porque casi no pusieron cosas de navidad :( pensaba comprar absolutamente todo ahi, y casi no hay variedad",@231080 ¡Hola Alejandra! Apenas estamos empezando la época de navidad. Por favor mantente al tanto en nuestra pagina y en nuestras redes sociales. ^NP,other_escalate,SEED_REVIEW_REQUIRED
95421,@120533 @132743 Commande qui devait arrivé aujourd'hui non livré ... rien sur le suivis,"@136748 Bonjour, je suis désolée pour cela. Avez-vous contacté notre SAV à ce sujet ? ^SM",other_escalate,SEED_REVIEW_REQUIRED
264442,"I can confirm, after trying different Internet connections and devices, that @115821 is having #server problems in Austria. #TechProblems https://t.co/7jJH1Y4YoV","@179014 Hi, sorry to hear that, did you update your Amazon Music to the latest software? 
^AS",connectivity,SEED_REVIEW_REQUIRED
510375,Hey @129773 why have you sent my 12yo daughter a 30bday free trial for #amazonprime? https://t.co/uIOhVJzDbZ,@237253 I am unable to access account details over Twitter.  We do want to help you find an answer so please contact us for live support by phone or chat from here:  https://t.co/JzP7hlA23B ^CH,prime_subscription,SEED_REVIEW_REQUIRED
295365,"Dear @115821 @AmazonHelp TWO-day shipping does not mean ""ships two days after ordering."" #prime #primeFAIL",@186346 Hi there! It will take up to two business days after an item ships to reach you with Two-Day Shipping: https://t.co/5E3vCjzEID ^WJ,prime_subscription,SEED_REVIEW_REQUIRED
135043,"@AmazonHelp Wenn man die Internetadresse https://t.co/Mf3oStPJPh eingibt, kommt:

Wir konnten diese Schließfachinformationen nicht herunterladen. Versuchen Sie erneut, den Barcode zu scannen.",@146425 Ich gebe es weiter an meine zuständigen Kollegen. Danke für deine Mühe! ^BL,connectivity,SEED_REVIEW_REQUIRED
384484,@115830 hey amazon my code isn’t work what can I do ????? https://t.co/vEcFXCqFVd,"@207037 Sorry to see that, have you contacted EA in relation to the code issue? ^JJ",feature_howto,SEED_REVIEW_REQUIRED
205008,@AmazonHelp hey Amazon I was supposed to get an album today and then it said it was getting here Friday. But now it says it's out of stock.,@164556 I'm sorry to hear this. We're happy to look into available options here: https://t.co/hApLpMlfHN ^LI,product_purchase,SEED_REVIEW_REQUIRED
757814,@AmazonHelp Password is in correct,"@301091 Please don't provide your order details, as we consider it to be personal information. Our Twitter page is public.​ 3/3 ^RD",account_access,SEED_REVIEW_REQUIRED
109847,@AmazonHelp when will I be charged for my order? When it ships?,@140390 Absolutely! We only charge for an order once we are 100% sure it is on its way to you. I hope this information helps! ^JD,billing_payment,SEED_REVIEW_REQUIRED
324250,Nice work @115830 in leaving my package in a “safe place” for the second time this week! #askingtobestolen https://t.co/UicjX0qzXg,@193240 I'm sorry your parcel was left like that! Use the link to contact in so we can take your feedback: https://t.co/dNXwBZPiM6 ^GL,security_privacy,SEED_REVIEW_REQUIRED
52917,"@AmazonHelp I’m planning to in a few minutes, is there a phone number associated with credit card issues? I already spoke to my credit card issuer",@127918 We can help here: https://t.co/hApLpMlfHN Our contact options will be listed after selecting your concern. ^RA,billing_payment,SEED_REVIEW_REQUIRED
580558,@115850 By mistakenly I ended up adding additional funds to @115823. I want to now withdraw the funds in my amazon pay balance back again to my bank account. How do i that?,"@256772 I understand that you want to transfer the amount from Amazon pay balance to bank account. Unfortunately, we do not have that option at the moment. You can check the T&amp;C's here:https://t.co/AbwUdRWBPO for more information. ^PR",feature_howto,SEED_REVIEW_REQUIRED
225257,Do u realise dat its illegal &amp; wrong that you charge 150 fr morning dlvry &amp; then don't deliver?missed mom's birthday gift bc of u @115850,@169809 Sorry about the bad experience. Kindly get in touch with us here: https://t.co/sZNLdf1mfp and we’ll be glad to help you. ^NS,billing_payment,SEED_REVIEW_REQUIRED
141984,"@AmazonHelp No. That is the problem. The last I received is about my order. I tried reset my password couple times, but it didn't help","@148042 Thanks for the update! We'd be happy to help, can you let us know which site you're using (https://t.co/nUUp5MLhYl, https://t.co/ykTUEmdsQA, Amazon.cn, etc.)? ^GS",account_access,SEED_REVIEW_REQUIRED
683007,@AmazonHelp @AmazonHelp i have not heard anything  on this. Please refund my money in my account .,@147817 We have sent our correspondence here: https://t.co/DTSNmGldJf. Request you to check with the same. Please reach us out for additional support. ^CB,refund_return,SEED_REVIEW_REQUIRED
473282,#Amazon  Delivery drivers leave parcels on the step hoping you'll find them before someone else does!,"@227692 Hi, has this happened with a recent order you placed? ^BZ",security_privacy,SEED_REVIEW_REQUIRED
399858,@AmazonHelp cancelled order. Didn't get refund money.,@210542 That's odd. Could you confirm when was the order canceled? ^HD,refund_return,SEED_REVIEW_REQUIRED
518823,"@116618 why blindspot series is not getting updated.
Amazon prime videos are not playing on firestick any solution?","@213144 We add the content on timely basis. Please stay tuned to our website. With regard to fire stick, please reach us from here: https://t.co/rS49hgsbvd &amp; we'll assist you. ^SV",content_media,SEED_REVIEW_REQUIRED
118807,"I think my kindle is breaking 😳😳😳 how can I find out how old it is?? I can't find a date to see when I got it, @AmazonHelp can you help?",@142335 If you ordered it from us you should be able to search your order history here: https://t.co/aaDyEz1VgE,feature_howto,SEED_REVIEW_REQUIRED
254634,"@AmazonHelp I contacted the support number already, I cannot sign in, the email used to sign in was changed","@176520 When reaching out, were we able to offer any information or options on recovering your account? Let us know! ^KJ",account_access,SEED_REVIEW_REQUIRED
724615,"@115850 hello, help me to contact seller regarding order #405-5271888-3954769","@197718 Please don't provide your order details, we consider it to be personal information. Our page is visible to the public. ^KA",product_purchase,SEED_REVIEW_REQUIRED
49144,Can you help me? My account unlock because my billing address. I sented every day my bank statement but noone answer and fix it! @AmazonHelp,@126979 I'm sorry for the account issues! Have you received any further e-mails from an account specialist? ^TR,billing_payment,SEED_REVIEW_REQUIRED
341437,#Amazon #AmazonIndia  Return ordered on 17th Oct.making customer fool. Lost all confidence on #AmazonGreatIndianFestival Pathetic Experience,@197574 Could you please let us know more about what went wrong? We'll definitely look into it. ^PS,refund_return,SEED_REVIEW_REQUIRED
344364,@AmazonHelp pl. Inform mail.id to initiate notice to Amazon for debiting twice in my card account towards prime membership on 29.08 &amp; 29.09,"@197901 That's odd, Srinivas. Please report this to our support team here: https://t.co/TdDksLo6Mf and we'll look into this. ^HD",prime_subscription,SEED_REVIEW_REQUIRED
315508,I received a delivered message but where is the package? I have not received it @115850 @11__credit_card__,@191325 That's strange! Kindly get in touch with us here: https://t.co/4lBU9LYvGD and we’ll be glad to help you. ^AG,order_delivery,SEED_REVIEW_REQUIRED
505788,"@116928 vuestra gestión d repartos es lamentable,sin llamada previa,con errores continuados y aún peor ,no ha llegado el paquete y no dais facilidades para q llegue. 2 días trabajando desd casa y m decís q el lunes esté en casa también. D vergüenza,desd el miércoles esperando","@236022 ¡Hola, Clemente! Lamentamos el inconveniente ¿Nos podrías decir cual es la fecha de entrega de tu pedido indicada en el correo de confirmación del mismo? ^DS",app_service_failure,SEED_REVIEW_REQUIRED
396889,@115850 Please kindly make @14768 as a merchant for paying the internet bills using Amazon pay balance. Thank you in advance. 😊,@210011 Thank you for sharing the suggestion. I'll definitely pass this information to our internal team for a review. ^OS,connectivity,SEED_REVIEW_REQUIRED
528234,"@AmazonHelp It's ontrac..... which it says in my original tweet. I've messaged them on their website twice and will be calling tomorrow, as when I called today I sat on hold for 10 minutes and didn't have time to wait. Will be writing a recommendation that Amazon ditches using them as well","@242293 Please keep us posted on this, Ashley. If there is anything you need from our end don't hesitate to ask.^SM",app_service_failure,SEED_REVIEW_REQUIRED
190319,@117804 Viagem para Recife!! 12 horas de bus tinha que ser com um kindle na mão,"@165816 Olá Adriana, o Kindle é como um herói nessas horas! ❤ ^DA",device_setup,SEED_REVIEW_REQUIRED
605131,When @115830  put a hold on money in MY bank account because they are for some reason doing a security check when I haven't authorised or placed an order #nothappy #cheekyorwhat,"@263837 Hi Rob. Have you recently signed up for a trial of Amazon Prime? As we don't have access to account info here, please get in touch - https://t.co/JzP7hlRCV9 we'll be happy to look into this further for you. Keep us posted. ^TP",security_privacy,SEED_REVIEW_REQUIRED
245921,"@115850 pepper spray bottle I ordered from you is defective. Don't even want to try fixing it,with fear of harming myself or someone else.",@174408 Apologies for the trouble. Kindly connect with us here: https://t.co/vlvfJr4nN9 and we'll sort this out for you. ^PB,security_privacy,SEED_REVIEW_REQUIRED
31350,"@AmazonHelp No he raced passed me as I was walking my lo to nursery, after delivering to one of my neighbours.",@122910 We'd like to get more information if possible. Please click the link to contact us:  https://t.co/JzP7hlA23B Thanks. ^EM,device_setup,SEED_REVIEW_REQUIRED
669733,"@AmazonHelp 
Your Amazon.in Order # 407-4829849-8324364
I was seruosly disappoined by @115850 .
Dont buy products in @115850 .
They will enjoy the money and they wont deliver the products at offer price.
They will return the money paid by you after 20 days.","@271126 Looks like you have had an unpleasant experience. Were any of the issues left unaddressed? Do tell us, if you seek any assistance. We are here to help.1/2 ^KK",product_purchase,SEED_REVIEW_REQUIRED
128758,@115850 why your customer care doesn't attend call i will call from yesterday but no response,"@144965 I understand you want to connect with our support team. However, could you tell me your concern so I can assist you accordingly. ^SF",other_escalate,SEED_REVIEW_REQUIRED
509364,"@AmazonHelp Sadly, the item in question is able to be returned. Maybe #Amazon will replace it. 
#CustomerExperience",@129457 We'd like to look into our options with you. Please reach out to us by phone or chat here: https://t.co/EKXRLsnxJu ^GR,refund_return,SEED_REVIEW_REQUIRED
493255,"@AmazonHelp Trusting amazon to deliver the product was biggest mistake, what if Amazon uses it for promoting other fraudulent activities?
@115850 @115821 @132994 @139570 @15316","@232597 I get your disappointment, Anurag. We have responded to your query here: https://t.co/vjZJ2zABIF. Request you to check. ^NK",security_privacy,SEED_REVIEW_REQUIRED
74634,"@AmazonHelp Si y me dicen que me ponga en contacto con vosotros, os doy el numero de pedido o algun dato?","@132714 Entiendo Asier. Por este medio no contamos con acceso a tu cuenta, puedes entrar en contacto con nuestro Soporte al Cliente mediante el siguiente enlace: https://t.co/OjvUxwnzPe. ^AZ",other_escalate,SEED_REVIEW_REQUIRED
226018,"@119625 I have been watching this is us almost completed all episodes, how would I know if I qualify.",@169618 It will be a luck draw. We wish you all the good luck on this. ^CB,content_media,SEED_REVIEW_REQUIRED
421872,"@AmazonHelp Yea, it said a refund was in process, only thing I can think off is when a co-worker noticed my torch on my phone active in my pocket",@215497 Perhaps.... Do you have one click activated on your account? ^NV,refund_return,SEED_REVIEW_REQUIRED
170918,"@AmazonHelp Asi es @AmazonHelp mi cuenta fue bloqueada, me di de alta con ustedes cerca de el buen fin, cometi un error en el modo de pago y mi cuenta quedó bloqueada, espero alguien me pueda dar  la atención de poder explicar como paso todo esto y se resuelva mi problema.","@155860 Comprendo, sentimos los inconvenientes que esto te pudiera causar. ¿Nos podrías indicar si has recibido un correo de parte de nuestro departamento de cuentas? ^KA",app_service_failure,SEED_REVIEW_REQUIRED
2553,"@116316 Hi. How can I restrict results to German language books, while searching titles on amazon.de?","@116315 Hi, just a question at the beginning - do you prefer answers in German or English? ^NW",feature_howto,SEED_REVIEW_REQUIRED
78854,@119625 Even the best quality video stream was blurry on my laptop. Any chance of getting better quality without it necessarily being HD?,@133582 Sorry to know your laptop is having issues. Let us have closer look into this. Please connect with our support team here: https://t.co/vlvfJr4nN9 and we'll assist you. ^HS,content_media,SEED_REVIEW_REQUIRED
164822,"Thanks, @115830 ! You've just turned my super-excited 7yo into a very sad 7yo by screwing up #XBoxOne dvy - order &amp; #AmazonPrime cancelled",@154203 I'm very sorry we have disappointed you! We'd like to help! Could you tell us more details about what's going on? ^HM,prime_subscription,SEED_REVIEW_REQUIRED
158745,@AmazonHelp The page just reloads indefinitely? I guess I can try again later. Just don't wanna miss deals !,"@152494 Thanks for letting us know! Are you using a browser or mobile device? If a browser, which browser are you using? ^JO",order_delivery,SEED_REVIEW_REQUIRED
111902,@119625 malyala movies ??,"@140850 We understand your concern. We keep adding/ updating the content on regular basis. Please stay tuned to our website. Further, I'll be sure to share your comments as feedback with our internal teams for a review. ^SV",content_media,SEED_REVIEW_REQUIRED
575363,I wasn’t able to add this to my cart and tried several times on my smartphone with and without WiFi on. Sad I had to miss the perfect Xmas gift/ deal of the day 😢@115821 @117795 #CustomerService https://t.co/afVaFRwuKh,"@255383 Sorry to hear that, Haley. Can I ask if you were able to try to place the order with an alternative device?^TI",connectivity,SEED_REVIEW_REQUIRED
622591,@115850 seens Amazon do not like and do not post negative feedback.. it looks they encourage seller to cheat the customer.. please see I have used any offensive language in feedback..but it was rejected and did not posted my review for the product .. #fraud #Customer @115821 https://t.co/9F6DFyKiEW,"@267766 That's quite a remark. Apologies for the experience. Please be known, to post a review, you need to adhere to the guidelines mentioned here: https://t.co/acJfOxV69Q Further, I'll share your comments with internal teams for review. ^SV",security_privacy,SEED_REVIEW_REQUIRED
